{
  "cam0": {
    "R": [
      [
        0.9991139895315256,
        0.03989630462576483,
        -0.013395162743379504
      ],
      [
        -0.0401050292949227,
        0.9990721539858627,
        -0.015695980831470873
      ],
      [
        0.012756523659627312,
        0.016219282487900045,
        0.9997871085421759
      ]
    ],
    "t": [
      [
        0.0011990170897473451
      ],
      [
        0.0004905959762841472
      ],
      [
        -0.006894992750377971
      ]
    ]
  },
  "cam1": {
    "R": [
      [
        -0.4392682942950312,
        -0.3573801637665366,
        0.8242104004277897
      ],
      [
        0.36362587575717853,
        0.7682156607637621,
        0.5268974483114539
      ],
      [
        -0.821474033738717,
        0.5311535720519067,
        -0.20750010792657725
      ]
    ],
    "t": [
      [
        -0.48751553592401736
      ],
      [
        -0.32933640635687855
      ],
      [
        0.8086198944378348
      ]
    ]
  },
  "cam2": {
    "R": [
      [
        -0.5498655680621517,
        0.3641182621787397,
        -0.7517085407547399
      ],
      [
        -0.27388074243457794,
        0.7716185692920182,
        0.5741028522389748
      ],
      [
        0.789073614756563,
        0.5215579028793048,
        -0.3245615149978389
      ]
    ],
    "t": [
      [
        0.5220867340804423
      ],
      [
        -0.3145688169114906
      ],
      [
        0.7846584814200466
      ]
    ]
  }
}