{
  "cam0": {
    "K": [
      [
        3064.6931342045523,
        0.0,
        448.50900869571313
      ],
      [
        0.0,
        3118.1213966789314,
        514.510974066708
      ],
      [
        0.0,
        0.0,
        1.0
      ]
    ],
    "dist": [
      -0.10464345163941395,
      1.5898100152413865,
      0.00032157073356771165,
      -0.01701455145636195,
      -9.907784724377768
    ],
    "R": [
      [
        -0.9970624405075712,
        0.0703286557726681,
        0.030338418881764553
      ],
      [
        -0.0014754270046347985,
        -0.41365947740095393,
        0.9104304865367361
      ],
      [
        0.0765791295732453,
        0.907711231656177,
        0.4125480816061864
      ]
    ],
    "t": [
      72.90443081279967,
      23.83539330926089,
      359.01675505750563
    ]
  },
  "cam1": {
    "K": [
      [
        3042.020591203338,
        0.0,
        657.4658845535872
      ],
      [
        0.0,
        3094.392461373222,
        550.1444626395021
      ],
      [
        0.0,
        0.0,
        1.0
      ]
    ],
    "dist": [
      -0.0870873156730461,
      2.6512781614597603,
      0.000504161447063522,
      0.0005140549713812147,
      -40.56869511961186
    ],
    "R": [
      [
        0.5075959123272717,
        0.8615937103103831,
        -0.0016288274344148936
      ],
      [
        -0.3179730613956535,
        0.1890857241369473,
        0.9290531356340279
      ],
      [
        0.8007743578919574,
        -0.4710656328181758,
        0.36994273638291253
      ]
    ],
    "t": [
      -53.575540431191314,
      25.505266874263555,
      386.7248082160256
    ]
  },
  "cam2": {
    "K": [
      [
        3065.6180276418013,
        0.0,
        565.8299084116702
      ],
      [
        0.0,
        3104.14933079167,
        493.8945482876563
      ],
      [
        0.0,
        0.0,
        1.0
      ]
    ],
    "dist": [
      0.045651839177227135,
      -3.2307801189443697,
      -0.006237237019629905,
      -0.0069944669772681,
      43.001365928944125
    ],
    "R": [
      [
        0.4726020977626874,
        -0.8812410699941222,
        0.007836910213413815
      ],
      [
        0.31200517857702365,
        0.17562918345968925,
        0.9337061464065263
      ],
      [
        -0.8241966245826191,
        -0.43882630916353677,
        0.3579545014575032
      ]
    ],
    "t": [
      28.98426696541651,
      5.917453958640692,
      447.50835405500237
    ]
  }
}