{
  "cam0": {
    "R": [
      [
        0.9997891922563579,
        0.015853123697440148,
        -0.013047969819595141
      ],
      [
        -0.01595110191056689,
        0.99984509555721,
        -0.007439572436120958
      ],
      [
        0.012928008169014793,
        0.0076461336129604205,
        0.9998871952603227
      ]
    ],
    "t": [
      0.005822433921255625,
      0.0016261535596609133,
      -0.0018811138238137611
    ],
    "K": [
      [
        3064.6931342045523,
        0.0,
        448.50900869571313
      ],
      [
        0.0,
        3118.1213966789314,
        514.510974066708
      ],
      [
        0.0,
        0.0,
        1.0
      ]
    ],
    "dist": [
      -0.10464345163941395,
      1.5898100152413865,
      0.00032157073356771165,
      -0.01701455145636195,
      -9.907784724377768
    ]
  },
  "cam1": {
    "R": [
      [
        -0.4291403219834822,
        -0.3593742661560122,
        0.8286668334576575
      ],
      [
        0.3530548030163688,
        0.7777118250186703,
        0.5201121256932988
      ],
      [
        -0.8313789088706702,
        0.515765890740127,
        -0.20686869225201085
      ]
    ],
    "t": [
      -0.48954998042758835,
      -0.32835053590944346,
      0.8027386541904095
    ],
    "K": [
      [
        3042.020591203338,
        0.0,
        657.4658845535872
      ],
      [
        0.0,
        3094.392461373222,
        550.1444626395021
      ],
      [
        0.0,
        0.0,
        1.0
      ]
    ],
    "dist": [
      -0.0870873156730461,
      2.6512781614597603,
      0.000504161447063522,
      0.0005140549713812147,
      -40.56869511961186
    ]
  },
  "cam2": {
    "R": [
      [
        -0.548589165320996,
        0.3566501763827676,
        -0.7562080265234915
      ],
      [
        -0.2753963817709147,
        0.7769032376757931,
        0.5661962488363544
      ],
      [
        0.7894344561772696,
        0.5188660819277081,
        -0.32798053055796994
      ]
    ],
    "t": [
      0.523216316903986,
      -0.31244383489535943,
      0.7791616766849412
    ],
    "K": [
      [
        3065.6180276418013,
        0.0,
        565.8299084116702
      ],
      [
        0.0,
        3104.14933079167,
        493.8945482876563
      ],
      [
        0.0,
        0.0,
        1.0
      ]
    ],
    "dist": [
      0.045651839177227135,
      -3.2307801189443697,
      -0.006237237019629905,
      -0.0069944669772681,
      43.001365928944125
    ]
  }
}